element,amzn
https://www.lanacion.com.ar,no
https://www.wetteronline.de,yes
https://www.independent.co.uk,no
https://www.bbcgoodfood.com,no
https://news.livedoor.com,yes
https://www.kongregate.com,no
https://www.mirror.co.uk,yes
https://mundohispanico.com,yes
https://www.gutefrage.net,no
https://news.tut.by,no
https://www.navitime.co.jp,no
https://www.standard.co.uk,no
https://www.zerohedge.com,yes
https://lady.tut.by,no
https://www.manchestereveningnews.co.uk,yes
https://finance.tut.by,no
https://www.hotnewhiphop.com,no
https://auto.tut.by,no
https://www.finanzfrage.net,no
https://www.liverpoolecho.co.uk,yes
https://www.sankei.com,yes
https://www.football.london,yes
https://www.pcwelt.de,no
https://dailyvoice.com,no
https://realty.tut.by,no
https://www.oslobodjenje.ba,no
https://www.hashtagchatter.com,no
https://es.wallapop.com,yes
https://www.superbru.com,no
https://www.chroniclelive.co.uk,yes
https://exceljet.net,yes
http://www.startribune.com,no
https://www.walesonline.co.uk,yes
https://www.arcamax.com,no
https://nauka.rocks,no
https://www.dailyrecord.co.uk,yes
https://www.meinestadt.de,no
https://www.dailystar.co.uk,yes
https://www.reuters.com,no
https://jobs.meinestadt.de,no
http://mortgageafterlife.com,yes
https://www.seattletimes.com,no
https://news.nifty.com,yes
https://www.yapo.cl,no
https://www.windfinder.com,yes
https://42.tut.by,no
https://m.maariv.co.il,no
https://www.frag-mutti.de,no
https://www.birminghammail.co.uk,yes
https://quizberries.com,no
https://www.dummies.com,no
https://macaro-ni.jp,no
https://jp.reuters.com,no
https://m.yapo.cl,no
https://www.nifty.com,yes
https://m.arcamax.com,yes
https://game.nifty.com,no
https://www.wrestlinginc.com,yes
https://www.goodtoknow.co.uk,no
https://uberhumor.com,yes
https://www.gazettelive.co.uk,yes
https://www.superhaber.tv,no
https://www.bristolpost.co.uk,yes
https://www.hulldailymail.co.uk,yes
https://www.olivemagazine.com,no
https://branchenbuch.meinestadt.de,no
https://afisha.tut.by,no
https://www.yesasia.ru,no
https://www.denverpost.com,yes
https://sport.tut.by,no
https://www.historyextra.com,no
https://geissblog.koeln,no
https://www.nottinghampost.com,yes
http://www.kongregate.com,no
https://intellitest.me,no
http://www.justjared.com,yes
https://www.stokesentinel.co.uk,yes
https://immobilien.meinestadt.de,no
https://www.travelsupermarket.com,no
https://trinixy.ru,no
https://thumpertalk.com,yes
https://www.ancient.eu,no
https://www.twincities.com,yes
https://blogs.fangraphs.com,yes
https://www.leicestermercury.co.uk,yes
https://www.okidoki.ee,no
https://electrek.co,yes
https://uk.reuters.com,no
https://www.cyclingweekly.com,no
https://www.gardenersworld.com,no
https://www.channel3000.com,yes
https://www.computerwoche.de,no
https://wsvn.com,yes
https://www.hitched.co.uk,no
https://www.okayplayer.com,no
https://www.motors.co.uk,no
https://www.macwelt.de,no
https://www.gesundheitsfrage.net,no
https://pt.intellitest.me,no
https://www.marieclaire.co.uk,no
https://startsat60.com,no
https://www.myjewishlearning.com,yes
https://newarena.com,yes
https://www.thegazette.com,yes
https://www.grimsbytelegraph.co.uk,yes
https://www.carls-sims-4-guide.com,no
https://armorgames.com,no
https://www.examinerlive.co.uk,yes
https://whdh.com,yes
https://forum.frag-mutti.de,yes
http://uberhumor.com,yes
https://www.zakzak.co.jp,yes
https://www.maariv.co.il,no
https://auto.meinestadt.de,no
https://www.derbytelegraph.co.uk,yes
https://www.plymouthherald.co.uk,yes
https://www.ok.co.uk,yes
https://www.devonlive.com,yes
https://m.okidoki.ee,no
https://www.chinahandys.net,yes
https://www.dailypost.co.uk,yes
https://www.horseandhound.co.uk,no
https://de.windfinder.com,yes
https://es.intellitest.me,no
https://www.baby-vornamen.de,no
https://touch.navitime.co.jp,no
https://www.axs.com,no
https://www.trustedreviews.com,no
https://www.cambridge-news.co.uk,yes
https://www.lincolnshirelive.co.uk,yes
https://www.sciencefocus.com,no
https://9to5mac.com,yes
https://allani.pl,no
https://www.leeds-live.co.uk,yes
https://veranstaltungen.meinestadt.de,no
https://www.cornwalllive.com,yes
https://www.jta.org,yes
https://icotto.jp,no
https://www.idealhome.co.uk,no
https://www.gloucestershirelive.co.uk,yes
https://www.motherandbaby.co.uk,yes
https://www.coventrytelegraph.net,yes
https://www.leaguesecretary.com,yes
http://misterstocks.com,no
https://www.liverpool.com,yes
https://vt.co,no
https://www.lsn.com,yes
https://de.intellitest.me,no
https://www.womanandhome.com,no
https://www.deliciousmagazine.co.uk,no
https://www.wetteronline.de,yes
http://interesno.cc,no
https://www.k-pop.ru,no
http://www.zakzak.co.jp,yes
https://m.arcamax.com,yes
https://fr.windfinder.com,yes
https://www.mylondon.news,yes
https://www.arcamax.com,yes
https://www.fantasypros.com,yes
https://ru.intellitest.me,no
https://conjugator.reverso.net,no
https://www.investmentweek.co.uk,no
https://fastfoodnutrition.org,yes
https://es.windfinder.com,yes
https://www.somersetlive.co.uk,yes
https://conjugador.reverso.net,no
https://www.face.ba,no
https://de.reuters.com,no
https://www.cio.de,no
https://www.getsurrey.co.uk,yes
https://www.wetteronline.at,yes
https://www.lancs.live,yes
https://konjugator.reverso.net,no
https://aktuell.meinestadt.de,no
https://www.getreading.co.uk,yes
https://www.drf.com,no
https://www.business-live.co.uk,yes
https://www.kentlive.news,yes
https://it.intellitest.me,no
https://erecipe.woman.excite.co.jp,no
https://www.essexlive.news,yes
https://www.proprofs.com,no
https://forum.bodybuilding.com,no
https://www.belfastlive.co.uk,yes
https://www.sankeibiz.jp,yes
https://heatworld.com,yes
https://www.cheshire-live.co.uk,yes
https://www.businessgreen.com,no
https://www.yaktrinews.com,no
https://conjugueur.reverso.net,no
http://www.nextechclassifieds.com,yes
https://m.cristcdl.com,no
https://allnurses.com,yes
http://armorgames.com,no
https://uberhumor.com,yes
https://www.wetteronline.ch,yes
https://www.whatsontv.co.uk,no
http://www.justjaredjr.com,yes
http://www.speedmeter.de,no
https://ara.reuters.com,no
https://9to5google.com,yes
https://closeronline.co.uk,yes
https://www.rac.co.uk,no
https://it.windfinder.com,yes
https://www.countrylife.co.uk,no
https://br.reuters.com,no
https://www.skyatnightmagazine.com,no
https://www.news8000.com,no
https://www.cristcdl.com,no
https://www.kveller.com,yes
https://tourismus.meinestadt.de,no
https://www.glasgowlive.co.uk,yes
https://www.koamnewsnow.com,no
http://pomada.cc,no
https://nl.windfinder.com,yes
https://www.yachtingworld.com,no
https://www.covermagazine.co.uk,no
https://www.nigella.com,no
https://www.countryfile.com,no
https://odiario.net,no
https://www.fangraphs.com,yes
https://www.professionaladviser.com,no
https://verdict.ro,no
https://www.poolhost.com,no
https://cn.reuters.com,no
https://www.decanter.com,no
https://af.reuters.com,no
https://www.iguides.ru,no
https://fantasy.fangraphs.com,yes
https://coniugazione.reverso.net,no
https://www.channelweb.co.uk,no
https://www.areavibes.com,no
https://www.mbr.co.uk,no
https://www.corkbeo.ie,yes
https://www.professionalpensions.com,no
https://fr.intellitest.me,no
https://in.reuters.com,no
https://www.okayplayer.com,no
https://lta.reuters.com,no
https://weather.nifty.com,no
https://tasrif.reverso.net,no
https://www.edinburghlive.co.uk,yes
https://mobil.pcwelt.de,no
https://www.discoverwildlife.com,no
https://thegolfnewsnet.com,yes
https://pt.windfinder.com,no
https://www.youandyourwedding.co.uk,no
https://nl.intellitest.me,no
https://conjugacao.reverso.net,no
https://www.golf-monthly.co.uk,no
http://m.sport.novi.ba,no
https://home.meinestadt.de,no
https://www.pink.rs,no
http://uberhumor.com,yes
https://www.investmenteurope.net,no
http://beauty-around.com,no
https://dronedj.com,yes
https://www.motorradfrage.net,no
https://9to5toys.com,yes
https://www.computing.co.uk,no
http://www.speed.io,no
http://prikolno.cc,no
https://tht.fangraphs.com,yes
https://plauderecke.baby-vornamen.de,yes
https://www.hvw-online.org,no
https://pink.rs,no
https://fr.reuters.com,no
https://www.handball4all.de,no
https://spo.handball4all.de,no
https://theknow.denverpost.com,no
https://it.reuters.com,no
https://www.healthyfood.co.uk,no
https://www.medievalists.net,no
https://forum.gardenersworld.com,no
http://www.poolhost.com,no
http://www.sankeibiz.jp,yes
https://hotels.travelsupermarket.com,no
https://www.gathered.how,no
https://library.fangraphs.com,yes
https://www.hertfordshiremercury.co.uk,yes
https://electrek.co,yes
https://whatsnewinpublishing.com,no
https://special.sankei.com,no
https://www.computerfrage.net,no
https://glagol.reverso.net,no
https://es.reuters.com,no
http://www.220triathlon.com,no
https://mobile.reuters.com,no
https://www.internationalinvestment.net,no
https://poolhost.com,no
https://forum.youandyourwedding.co.uk,no
https://www.sportlerfrage.net,no
https://www.yachtingmonthly.com,no
https://www.look.co.uk,no
https://origin.hotnewhiphop.com,no
https://www.footballscotland.co.uk,yes
https://www.reisefrage.net,no
https://jobs.preprod.meinestadt.de,no
https://www.theinquirer.net,no
https://www.bodybuilding.com,no
https://www.channelpartnerinsight.com,no
https://jp.intellitest.me,no
https://www.homesandantiques.com,no
http://www.molliemakes.com,no
https://www.celebsnow.co.uk,no
https://ca.reuters.com,no
https://www.armorgames.com,no
https://www.rugbyworld.com,no
https://www.calmmoment.com,no
https://order-order.com,no
https://www.pbo.co.uk,no
https://www.hv-suedb.de,no
https://www.amateurphotographer.co.uk,no
https://board.okayplayer.com,no
https://ru.reuters.com,no
https://www.womanmagazine.co.uk,no
https://www.gardensillustrated.com,no
https://www.nextechclassifieds.com,yes
https://9to5google.com,yes
https://sport.novi.ba,no
https://9to5mac.com,yes
https://www.justjared.com,yes
https://www2.yapo.cl,no
https://www.wetteronline.ch,yes
https://www.anglersmail.co.uk,no
https://hitched.production.wcp.imdserve.com,no
https://www.macclesfield-live.co.uk,yes
https://www.croydonadvertiser.co.uk,yes
https://www.staffordshire-live.co.uk,yes
https://www.lifedeathprizes.com,no
https://pealim.reverso.net,no
https://www.hinckleytimes.net,yes
https://dk.intellitest.me,no
https://www.crewechronicle.co.uk,yes
https://kleinanzeigen.meinestadt.de,no
https://mobil.macwelt.de,no
https://wap.pink.rs,no
https://www.bathchronicle.co.uk,yes
https://www.hitched.com.au,no
https://www.thefield.co.uk,no
https://www.whatdigitalcamera.com,no
https://jp.mobile.reuters.com,no
https://www.mlslistings.com,no
https://www.loughboroughecho.net,yes
http://woodsculpture.cn,yes
https://www.autofrage.net,no
https://www.southportvisiter.co.uk,yes
http://finance.tut.by,no
https://www.omnicalculator.com,no
https://xladv.com,no
https://meinh4a.handball4all.de,yes
http://www-origin.zakzak.co.jp,yes
https://www-origin.zakzak.co.jp,yes
https://www.womansweekly.com,no
https://9to5toys.com,yes
https://www.mby.com,no
https://www.hitched.ie,no
https://www.carls-sims-3-guide.com,no
https://mx.reuters.com,no
https://under500calories.com,yes
https://www.worldsoccer.com,no
http://video.startribune.com,yes
https://gardenersworld.production.wcp.imdserve.com,no
https://www.cas.sk,no
https://uk.mobile.reuters.com,no